GEO_ID,COUNTY_NAME,STATE_NAME,S1901_C01_001E,S1901_C01_012E
Geography,Geographic Area Name,,Households!!Estimate!!Total,Households!!Estimate!!Median income (dollars)
0500000US01003,Baldwin County, Alabama,79120,55342
0500000US01015,Calhoun County, Alabama,44507,46763
0500000US01043,Cullman County, Alabama,30740,45044
0500000US01049,DeKalb County, Alabama,25848,39373
0500000US01051,Elmore County, Alabama,29176,60558
0500000US01055,Etowah County, Alabama,37091,41576
0500000US01069,Houston County, Alabama,39106,44529
0500000US01073,Jefferson County, Alabama,259324,50709
0500000US01077,Lauderdale County, Alabama,38215,45352
0500000US01081,Lee County, Alabama,58555,52943
0500000US01083,Limestone County, Alabama,32816,55817
0500000US01089,Madison County, Alabama,147892,62312
0500000US01095,Marshall County, Alabama,34083,41476
0500000US01097,Mobile County, Alabama,154683,46023
0500000US01101,Montgomery County, Alabama,88554,45724
0500000US01103,Morgan County, Alabama,45360,48563
0500000US01115,St. Clair County, Alabama,33241,50934
0500000US01117,Shelby County, Alabama,78666,73031
0500000US01121,Talladega County, Alabama,31759,39731
0500000US01125,Tuscaloosa County, Alabama,72243,52313
0500000US01127,Walker County, Alabama,25231,41973
0500000US02020,Anchorage Municipality, Alaska,107373,79166
0500000US02090,Fairbanks North Star Borough, Alaska,35046,76747
0500000US02170,Matanuska-Susitna Borough, Alaska,29443,69121
0500000US04001,Apache County, Arizona,20550,31671
0500000US04003,Cochise County, Arizona,48939,51816
0500000US04005,Coconino County, Arizona,47977,54893
0500000US04013,Maricopa County, Arizona,1536579,62223
0500000US04015,Mohave County, Arizona,87565,42311
0500000US04017,Navajo County, Arizona,36094,41295
0500000US04019,Pima County, Arizona,403574,51425
0500000US04021,Pinal County, Arizona,139097,52788
0500000US04025,Yavapai County, Arizona,98369,50041
0500000US04027,Yuma County, Arizona,74620,46798
0500000US05007,Benton County, Arkansas,97134,63746
0500000US05031,Craighead County, Arkansas,42115,50422
0500000US05045,Faulkner County, Arkansas,44870,47964
0500000US05051,Garland County, Arkansas,38594,46101
0500000US05069,Jefferson County, Arkansas,26537,37678
0500000US05085,Lonoke County, Arkansas,27121,51835
0500000US05119,Pulaski County, Arkansas,156546,52450
0500000US05125,Saline County, Arkansas,44420,59633
0500000US05131,Sebastian County, Arkansas,50734,41917
0500000US05143,Washington County, Arkansas,85290,50169
0500000US05145,White County, Arkansas,29067,42443
0500000US06001,Alameda County, California,573589,96296
0500000US06007,Butte County, California,88797,49061
0500000US06013,Contra Costa County, California,392046,95339
0500000US06017,El Dorado County, California,69368,79414
0500000US06019,Fresno County, California,305819,51800
0500000US06023,Humboldt County, California,53446,46494
0500000US06025,Imperial County, California,44478,47211
0500000US06029,Kern County, California,269147,49854
0500000US06031,Kings County, California,43029,57555
0500000US06033,Lake County, California,27399,48930
0500000US06037,Los Angeles County, California,3311231,65006
0500000US06039,Madera County, California,46282,51283
0500000US06041,Marin County, California,104219,113908
0500000US06045,Mendocino County, California,32599,53024
0500000US06047,Merced County, California,80969,47735
0500000US06053,Monterey County, California,125518,71274
0500000US06055,Napa County, California,47848,86562
0500000US06057,Nevada County, California,41638,65385
0500000US06059,Orange County, California,1037312,86217
0500000US06061,Placer County, California,143659,80728
0500000US06065,Riverside County, California,718733,63944
0500000US06067,Sacramento County, California,543250,63045
0500000US06071,San Bernardino County, California,626223,60420
0500000US06073,San Diego County, California,1126419,76207
0500000US06075,San Francisco County, California,360323,110816
0500000US06077,San Joaquin County, California,226624,61164
0500000US06079,San Luis Obispo County, California,104544,71880
0500000US06081,San Mateo County, California,264185,116653
0500000US06083,Santa Barbara County, California,147466,71106
0500000US06085,Santa Clara County, California,633811,119035
0500000US06087,Santa Cruz County, California,95940,79705
0500000US06089,Shasta County, California,71968,52439
0500000US06095,Solano County, California,151127,77133
0500000US06097,Sonoma County, California,188829,80409
0500000US06099,Stanislaus County, California,173573,59514
0500000US06101,Sutter County, California,31945,55062
0500000US06107,Tulare County, California,137576,46266
0500000US06111,Ventura County, California,272085,82857
0500000US06113,Yolo County, California,73495,65729
0500000US06115,Yuba County, California,26228,63120
0500000US08001,Adams County, Colorado,165730,66517
0500000US08005,Arapahoe County, Colorado,240774,75357
0500000US08013,Boulder County, Colorado,128497,80834
0500000US08014,Broomfield County, Colorado,27665,90939
0500000US08031,Denver County, Colorado,296938,65224
0500000US08035,Douglas County, Colorado,119151,111482
0500000US08041,El Paso County, Colorado,258158,65370
0500000US08059,Jefferson County, Colorado,231651,80616
0500000US08069,Larimer County, Colorado,134709,69102
0500000US08077,Mesa County, Colorado,61763,52742
0500000US08101,Pueblo County, Colorado,65098,43148
0500000US08123,Weld County, Colorado,104611,68884
0500000US09001,Fairfield County, Connecticut,336433,91198
0500000US09003,Hartford County, Connecticut,347565,70429
0500000US09005,Litchfield County, Connecticut,73709,78436
0500000US09007,Middlesex County, Connecticut,67227,79646
0500000US09009,New Haven County, Connecticut,324837,66863
0500000US09011,New London County, Connecticut,107229,71987
0500000US09013,Tolland County, Connecticut,55939,72117
0500000US09015,Windham County, Connecticut,43823,63573
0500000US10001,Kent County, Delaware,63807,57608
0500000US10003,New Castle County, Delaware,206101,66647
0500000US10005,Sussex County, Delaware,88029,61985
0500000US11001,District of Columbia, District of Columbia,281475,82372
0500000US12001,Alachua County, Florida,97714,44676
0500000US12005,Bay County, Florida,70600,52415
0500000US12009,Brevard County, Florida,228385,52540
0500000US12011,Broward County, Florida,685559,56842
0500000US12015,Charlotte County, Florida,76056,52070
0500000US12017,Citrus County, Florida,61290,43548
0500000US12019,Clay County, Florida,73136,65247
0500000US12021,Collier County, Florida,144354,66048
0500000US12023,Columbia County, Florida,24335,40811
0500000US12031,Duval County, Florida,359607,52062
0500000US12033,Escambia County, Florida,122406,48631
0500000US12035,Flagler County, Florida,42370,49652
0500000US12053,Hernando County, Florida,74110,44892
0500000US12055,Highlands County, Florida,42948,35543
0500000US12057,Hillsborough County, Florida,521609,54731
0500000US12061,Indian River County, Florida,58044,49177
0500000US12069,Lake County, Florida,136255,51383
0500000US12071,Lee County, Florida,266266,53928
0500000US12073,Leon County, Florida,115193,51642
0500000US12081,Manatee County, Florida,144329,55268
0500000US12083,Marion County, Florida,140620,43910
0500000US12085,Martin County, Florida,62496,54681
0500000US12086,Miami-Dade County, Florida,872495,49930
0500000US12087,Monroe County, Florida,31285,65747
0500000US12089,Nassau County, Florida,31837,71489
0500000US12091,Okaloosa County, Florida,79011,61866
0500000US12095,Orange County, Florida,460602,54107
0500000US12097,Osceola County, Florida,102385,49762
0500000US12099,Palm Beach County, Florida,547824,60057
0500000US12101,Pasco County, Florida,207993,51347
0500000US12103,Pinellas County, Florida,405807,51512
0500000US12105,Polk County, Florida,233058,48475
0500000US12107,Putnam County, Florida,29444,33790
0500000US12109,St. Johns County, Florida,87096,73836
0500000US12111,St. Lucie County, Florida,114043,50062
0500000US12113,Santa Rosa County, Florida,62216,66059
0500000US12115,Sarasota County, Florida,184614,58400
0500000US12117,Seminole County, Florida,176017,64049
0500000US12119,Sumter County, Florida,55097,54057
0500000US12127,Volusia County, Florida,217632,46901
0500000US12131,Walton County, Florida,29463,51620
0500000US13013,Barrow County, Georgia,26893,59994
0500000US13015,Bartow County, Georgia,38765,54218
0500000US13021,Bibb County, Georgia,56272,37444
0500000US13031,Bulloch County, Georgia,27802,42138
0500000US13045,Carroll County, Georgia,42897,50100
0500000US13047,Catoosa County, Georgia,25153,53231
0500000US13051,Chatham County, Georgia,107754,55352
0500000US13057,Cherokee County, Georgia,89510,76368
0500000US13059,Clarke County, Georgia,48257,39825
0500000US13063,Clayton County, Georgia,94199,45172
0500000US13067,Cobb County, Georgia,277609,75654
0500000US13073,Columbia County, Georgia,43990,74164
0500000US13077,Coweta County, Georgia,52796,72787
0500000US13089,DeKalb County, Georgia,278249,61827
0500000US13095,Dougherty County, Georgia,34179,38712
0500000US13097,Douglas County, Georgia,49962,61094
0500000US13113,Fayette County, Georgia,40484,84742
0500000US13115,Floyd County, Georgia,36927,45854
0500000US13117,Forsyth County, Georgia,78299,102084
0500000US13121,Fulton County, Georgia,410408,65037
0500000US13127,Glynn County, Georgia,34380,50998
0500000US13135,Gwinnett County, Georgia,292679,68914
0500000US13139,Hall County, Georgia,62164,61977
0500000US13151,Henry County, Georgia,77170,67018
0500000US13153,Houston County, Georgia,56860,58525
0500000US13157,Jackson County, Georgia,23785,66557
0500000US13185,Lowndes County, Georgia,41585,41156
0500000US13215,Muscogee County, Georgia,70306,42107
0500000US13217,Newton County, Georgia,37519,57337
0500000US13223,Paulding County, Georgia,52707,66482
0500000US13245,Richmond County, Georgia,71411,37324
0500000US13247,Rockdale County, Georgia,29849,62429
0500000US13255,Spalding County, Georgia,25151,47027
0500000US13285,Troup County, Georgia,24716,38977
0500000US13295,Walker County, Georgia,26270,45410
0500000US13297,Walton County, Georgia,31114,54867
0500000US13313,Whitfield County, Georgia,35824,40717
0500000US15001,Hawaii County, Hawaii,68857,57545
0500000US15003,Honolulu County, Hawaii,312625,81284
0500000US15007,Kauai County, Hawaii,22980,83860
0500000US15009,Maui County, Hawaii,53560,80241
0500000US16001,Ada County, Idaho,171009,60858
0500000US16005,Bannock County, Idaho,31384,51612
0500000US16019,Bonneville County, Idaho,41118,53478
0500000US16027,Canyon County, Idaho,72684,47324
0500000US16055,Kootenai County, Idaho,60383,57219
0500000US16083,Twin Falls County, Idaho,30845,51589
0500000US17001,Adams County, Illinois,27160,48679
0500000US17019,Champaign County, Illinois,83080,50281
0500000US17031,Cook County, Illinois,1948373,61405
0500000US17037,DeKalb County, Illinois,38324,59942
0500000US17043,DuPage County, Illinois,341845,89521
0500000US17089,Kane County, Illinois,180787,75628
0500000US17091,Kankakee County, Illinois,39628,58539
0500000US17093,Kendall County, Illinois,40930,91250
0500000US17097,Lake County, Illinois,247720,85895
0500000US17099,LaSalle County, Illinois,44625,56896
0500000US17111,McHenry County, Illinois,112193,86348
0500000US17113,McLean County, Illinois,65146,68274
0500000US17115,Macon County, Illinois,42977,51970
0500000US17119,Madison County, Illinois,107212,57890
0500000US17143,Peoria County, Illinois,71371,53843
0500000US17161,Rock Island County, Illinois,60438,51711
0500000US17163,St. Clair County, Illinois,102793,51670
0500000US17167,Sangamon County, Illinois,84583,61542
0500000US17179,Tazewell County, Illinois,54253,60306
0500000US17183,Vermilion County, Illinois,30241,42345
0500000US17197,Will County, Illinois,228366,82196
0500000US17199,Williamson County, Illinois,26845,50408
0500000US17201,Winnebago County, Illinois,113789,53337
0500000US18003,Allen County, Indiana,143105,52484
0500000US18005,Bartholomew County, Indiana,31498,61533
0500000US18011,Boone County, Indiana,25699,81785
0500000US18019,Clark County, Indiana,44957,52036
0500000US18035,Delaware County, Indiana,46588,41255
0500000US18039,Elkhart County, Indiana,73363,58960
0500000US18043,Floyd County, Indiana,28614,60690
0500000US18053,Grant County, Indiana,25878,44768
0500000US18057,Hamilton County, Indiana,118666,93604
0500000US18059,Hancock County, Indiana,29239,70473
0500000US18063,Hendricks County, Indiana,58285,70991
0500000US18067,Howard County, Indiana,34243,49346
0500000US18081,Johnson County, Indiana,58648,70339
0500000US18085,Kosciusko County, Indiana,30000,63463
0500000US18089,Lake County, Indiana,184206,54981
0500000US18091,LaPorte County, Indiana,42385,50736
0500000US18095,Madison County, Indiana,50751,43060
0500000US18097,Marion County, Indiana,369122,47344
0500000US18105,Monroe County, Indiana,57047,48713
0500000US18109,Morgan County, Indiana,26441,60946
0500000US18127,Porter County, Indiana,64722,65747
0500000US18141,St. Joseph County, Indiana,98705,52106
0500000US18157,Tippecanoe County, Indiana,69502,52183
0500000US18163,Vanderburgh County, Indiana,77174,46681
0500000US18167,Vigo County, Indiana,41933,41125
0500000US18177,Wayne County, Indiana,26521,45017
0500000US19013,Black Hawk County, Iowa,52928,49779
0500000US19049,Dallas County, Iowa,34197,88561
0500000US19061,Dubuque County, Iowa,37785,61497
0500000US19103,Johnson County, Iowa,59190,61011
0500000US19113,Linn County, Iowa,89183,63149
0500000US19153,Polk County, Iowa,186777,65995
0500000US19155,Pottawattamie County, Iowa,36662,58633
0500000US19163,Scott County, Iowa,64251,58129
0500000US19169,Story County, Iowa,37689,60351
0500000US19193,Woodbury County, Iowa,39020,55273
0500000US20015,Butler County, Kansas,24385,64149
0500000US20045,Douglas County, Kansas,47643,55646
0500000US20091,Johnson County, Kansas,229030,82855
0500000US20103,Leavenworth County, Kansas,27350,70920
0500000US20161,Riley County, Kansas,27067,50067
0500000US20173,Sedgwick County, Kansas,196053,53923
0500000US20177,Shawnee County, Kansas,73724,57095
0500000US20209,Wyandotte County, Kansas,60737,46310
0500000US21015,Boone County, Kentucky,46388,78415
0500000US21029,Bullitt County, Kentucky,29715,62319
0500000US21037,Campbell County, Kentucky,35740,61379
0500000US21047,Christian County, Kentucky,25584,43940
0500000US21059,Daviess County, Kentucky,40920,49507
0500000US21067,Fayette County, Kentucky,129140,56137
0500000US21093,Hardin County, Kentucky,42911,51167
0500000US21111,Jefferson County, Kentucky,312747,55044
0500000US21117,Kenton County, Kentucky,63679,58595
0500000US21145,McCracken County, Kentucky,26803,49436
0500000US21151,Madison County, Kentucky,33104,50893
0500000US21185,Oldham County, Kentucky,20840,96576
0500000US21227,Warren County, Kentucky,47996,48962
0500000US22005,Ascension Parish, Louisiana,44319,70561
0500000US22015,Bossier Parish, Louisiana,49615,49038
0500000US22017,Caddo Parish, Louisiana,95793,36165
0500000US22019,Calcasieu Parish, Louisiana,78305,52319
0500000US22033,East Baton Rouge Parish, Louisiana,162627,55326
0500000US22045,Iberia Parish, Louisiana,26345,40019
0500000US22051,Jefferson Parish, Louisiana,168031,51494
0500000US22055,Lafayette Parish, Louisiana,89465,52265
0500000US22057,Lafourche Parish, Louisiana,36420,52283
0500000US22063,Livingston Parish, Louisiana,47992,60471
0500000US22071,Orleans Parish, Louisiana,154560,36999
0500000US22073,Ouachita Parish, Louisiana,58232,40161
0500000US22079,Rapides Parish, Louisiana,48473,41646
0500000US22097,St. Landry Parish, Louisiana,30136,34462
0500000US22103,St. Tammany Parish, Louisiana,94499,67396
0500000US22105,Tangipahoa Parish, Louisiana,49272,44861
0500000US22109,Terrebonne Parish, Louisiana,40882,42857
0500000US23001,Androscoggin County, Maine,45979,48286
0500000US23003,Aroostook County, Maine,28921,43015
0500000US23005,Cumberland County, Maine,117844,71975
0500000US23011,Kennebec County, Maine,49616,53073
0500000US23019,Penobscot County, Maine,60620,50349
0500000US23031,York County, Maine,82970,66391
0500000US24001,Allegany County, Maryland,27177,42019
0500000US24003,Anne Arundel County, Maryland,207950,97085
0500000US24005,Baltimore County, Maryland,317106,73805
0500000US24009,Calvert County, Maryland,31253,100590
0500000US24013,Carroll County, Maryland,61212,93676
0500000US24015,Cecil County, Maryland,36397,74912
0500000US24017,Charles County, Maryland,56608,97986
0500000US24021,Frederick County, Maryland,92329,92495
0500000US24025,Harford County, Maryland,93705,80476
0500000US24027,Howard County, Maryland,115289,111473
0500000US24031,Montgomery County, Maryland,373219,103235
0500000US24033,Prince George's County, Maryland,310730,81240
0500000US24037,St. Mary's County, Maryland,40820,81495
0500000US24043,Washington County, Maryland,56663,60385
0500000US24045,Wicomico County, Maryland,37665,54080
0500000US24510,Baltimore city, Maryland,240280,47131
0500000US25001,Barnstable County, Massachusetts,92148,71235
0500000US25003,Berkshire County, Massachusetts,54193,57054
0500000US25005,Bristol County, Massachusetts,218570,67842
0500000US25009,Essex County, Massachusetts,294092,75480
0500000US25011,Franklin County, Massachusetts,29239,58824
0500000US25013,Hampden County, Massachusetts,180933,51726
0500000US25015,Hampshire County, Massachusetts,57848,67989
0500000US25017,Middlesex County, Massachusetts,599499,98555
0500000US25021,Norfolk County, Massachusetts,263862,100829
0500000US25023,Plymouth County, Massachusetts,187608,86910
0500000US25025,Suffolk County, Massachusetts,308889,66459
0500000US25027,Worcester County, Massachusetts,308533,70402
0500000US26005,Allegan County, Michigan,44766,62853
0500000US26017,Bay County, Michigan,44907,44770
0500000US26021,Berrien County, Michigan,64166,48629
0500000US26025,Calhoun County, Michigan,54556,45386
0500000US26037,Clinton County, Michigan,29959,62175
0500000US26045,Eaton County, Michigan,44329,64522
0500000US26049,Genesee County, Michigan,165719,46298
0500000US26055,Grand Traverse County, Michigan,38211,60601
0500000US26065,Ingham County, Michigan,111915,50896
0500000US26073,Isabella County, Michigan,25000,44100
0500000US26075,Jackson County, Michigan,62220,50258
0500000US26077,Kalamazoo County, Michigan,104075,56025
0500000US26081,Kent County, Michigan,240678,61125
0500000US26087,Lapeer County, Michigan,34271,55866
0500000US26091,Lenawee County, Michigan,38559,56515
0500000US26093,Livingston County, Michigan,72726,80733
0500000US26099,Macomb County, Michigan,346457,60380
0500000US26103,Marquette County, Michigan,25725,49008
0500000US26111,Midland County, Michigan,34096,61624
0500000US26115,Monroe County, Michigan,59528,59290
0500000US26121,Muskegon County, Michigan,64581,49229
0500000US26125,Oakland County, Michigan,504944,77475
0500000US26139,Ottawa County, Michigan,104281,68543
0500000US26145,Saginaw County, Michigan,80958,45331
0500000US26147,St. Clair County, Michigan,65117,57362
0500000US26155,Shiawassee County, Michigan,27277,53361
0500000US26159,Van Buren County, Michigan,29037,52971
0500000US26161,Washtenaw County, Michigan,140729,70286
0500000US26163,Wayne County, Michigan,683986,45135
0500000US27003,Anoka County, Minnesota,127305,79169
0500000US27013,Blue Earth County, Minnesota,26098,56716
0500000US27019,Carver County, Minnesota,35721,101271
0500000US27037,Dakota County, Minnesota,160590,80832
0500000US27053,Hennepin County, Minnesota,507728,74592
0500000US27109,Olmsted County, Minnesota,61873,77270
0500000US27123,Ramsey County, Minnesota,211123,61962
0500000US27131,Rice County, Minnesota,23130,64014
0500000US27137,St. Louis County, Minnesota,85213,52890
0500000US27139,Scott County, Minnesota,50018,98538
0500000US27141,Sherburne County, Minnesota,31869,87756
0500000US27145,Stearns County, Minnesota,59708,63271
0500000US27163,Washington County, Minnesota,92337,91866
0500000US27171,Wright County, Minnesota,47868,79931
0500000US28033,DeSoto County, Mississippi,61764,66440
0500000US28035,Forrest County, Mississippi,28066,42389
0500000US28047,Harrison County, Mississippi,78449,47365
0500000US28049,Hinds County, Mississippi,89570,45658
0500000US28059,Jackson County, Mississippi,52318,48284
0500000US28067,Jones County, Mississippi,23950,39310
0500000US28075,Lauderdale County, Mississippi,30019,46983
0500000US28081,Lee County, Mississippi,30844,55886
0500000US28089,Madison County, Mississippi,40539,68336
0500000US28121,Rankin County, Mississippi,54699,66054
0500000US29019,Boone County, Missouri,70355,51340
0500000US29021,Buchanan County, Missouri,33716,46052
0500000US29031,Cape Girardeau County, Missouri,29245,51140
0500000US29037,Cass County, Missouri,40545,64595
0500000US29043,Christian County, Missouri,32009,59161
0500000US29047,Clay County, Missouri,92020,66938
0500000US29051,Cole County, Missouri,29726,52609
0500000US29071,Franklin County, Missouri,40256,55290
0500000US29077,Greene County, Missouri,120498,45117
0500000US29095,Jackson County, Missouri,285887,52552
0500000US29097,Jasper County, Missouri,46784,47981
0500000US29099,Jefferson County, Missouri,84301,62228
0500000US29165,Platte County, Missouri,39407,74646
0500000US29183,St. Charles County, Missouri,145332,81594
0500000US29187,St. Francois County, Missouri,22504,39288
0500000US29189,St. Louis County, Missouri,406823,64784
0500000US29510,St. Louis city, Missouri,138513,41441
0500000US30013,Cascade County, Montana,33346,47713
0500000US30029,Flathead County, Montana,37236,59735
0500000US30031,Gallatin County, Montana,44315,60901
0500000US30049,Lewis and Clark County, Montana,28250,60404
0500000US30063,Missoula County, Montana,48806,54311
0500000US30111,Yellowstone County, Montana,65962,58156
0500000US31055,Douglas County, Nebraska,218390,61531
0500000US31109,Lancaster County, Nebraska,122954,59306
0500000US31153,Sarpy County, Nebraska,65715,80694
0500000US32003,Clark County, Nevada,781796,57189
0500000US32031,Washoe County, Nevada,180851,61498
0500000US33005,Cheshire County, New Hampshire,29385,61257
0500000US33009,Grafton County, New Hampshire,33672,64420
0500000US33011,Hillsborough County, New Hampshire,161414,78769
0500000US33013,Merrimack County, New Hampshire,58220,70764
0500000US33015,Rockingham County, New Hampshire,120096,89451
0500000US33017,Strafford County, New Hampshire,48988,71057
0500000US34001,Atlantic County, New Jersey,97618,61777
0500000US34003,Bergen County, New Jersey,338516,94107
0500000US34005,Burlington County, New Jersey,164248,87673
0500000US34007,Camden County, New Jersey,190616,66196
0500000US34009,Cape May County, New Jersey,39526,66953
0500000US34011,Cumberland County, New Jersey,50696,52627
0500000US34013,Essex County, New Jersey,284928,60430
0500000US34015,Gloucester County, New Jersey,105236,86496
0500000US34017,Hudson County, New Jersey,251906,67154
0500000US34019,Hunterdon County, New Jersey,45967,112038
0500000US34021,Mercer County, New Jersey,128757,79173
0500000US34023,Middlesex County, New Jersey,285446,85337
0500000US34025,Monmouth County, New Jersey,235727,98270
0500000US34027,Morris County, New Jersey,180854,114732
0500000US34029,Ocean County, New Jersey,225847,71081
0500000US34031,Passaic County, New Jersey,168397,64233
0500000US34033,Salem County, New Jersey,24801,61250
0500000US34035,Somerset County, New Jersey,114812,112153
0500000US34037,Sussex County, New Jersey,53396,90026
0500000US34039,Union County, New Jersey,190138,77326
0500000US34041,Warren County, New Jersey,41366,80657
0500000US35001,Bernalillo County, New Mexico,264827,51005
0500000US35005,Chaves County, New Mexico,23002,44899
0500000US35013,Doña Ana County, New Mexico,75441,37144
0500000US35025,Lea County, New Mexico,22222,55952
0500000US35031,McKinley County, New Mexico,21083,31565
0500000US35035,Otero County, New Mexico,23007,43887
0500000US35043,Sandoval County, New Mexico,50873,54296
0500000US35045,San Juan County, New Mexico,41071,45942
0500000US35049,Santa Fe County, New Mexico,60904,58821
0500000US35061,Valencia County, New Mexico,26359,47409
0500000US36001,Albany County, New York,124144,66204
0500000US36005,Bronx County, New York,503985,37397
0500000US36007,Broome County, New York,78604,47758
0500000US36009,Cattaraugus County, New York,32360,48484
0500000US36011,Cayuga County, New York,30870,56599
0500000US36013,Chautauqua County, New York,51985,46079
0500000US36015,Chemung County, New York,32247,51194
0500000US36019,Clinton County, New York,31493,58234
0500000US36027,Dutchess County, New York,106043,77915
0500000US36029,Erie County, New York,386396,55604
0500000US36045,Jefferson County, New York,41548,47101
0500000US36047,Kings County, New York,956223,56942
0500000US36051,Livingston County, New York,24725,55931
0500000US36053,Madison County, New York,26024,57069
0500000US36055,Monroe County, New York,301619,57561
0500000US36059,Nassau County, New York,446978,108133
0500000US36061,New York County, New York,764218,85071
0500000US36063,Niagara County, New York,88659,54743
0500000US36065,Oneida County, New York,88790,53902
0500000US36067,Onondaga County, New York,185709,57652
0500000US36069,Ontario County, New York,44414,66004
0500000US36071,Orange County, New York,127517,79311
0500000US36075,Oswego County, New York,45971,53406
0500000US36079,Putnam County, New York,34549,99479
0500000US36081,Queens County, New York,769258,64509
0500000US36083,Rensselaer County, New York,66127,64050
0500000US36085,Richmond County, New York,165990,79201
0500000US36087,Rockland County, New York,100167,88726
0500000US36089,St. Lawrence County, New York,41008,50325
0500000US36091,Saratoga County, New York,97021,83726
0500000US36093,Schenectady County, New York,49022,62514
0500000US36101,Steuben County, New York,38382,50930
0500000US36103,Suffolk County, New York,482099,94750
0500000US36105,Sullivan County, New York,25916,55309
0500000US36109,Tompkins County, New York,40230,56672
0500000US36111,Ulster County, New York,68822,63621
0500000US36113,Warren County, New York,27595,60541
0500000US36117,Wayne County, New York,36715,51326
0500000US36119,Westchester County, New York,350919,90578
0500000US37001,Alamance County, North Carolina,64371,45150
0500000US37019,Brunswick County, North Carolina,56399,56181
0500000US37021,Buncombe County, North Carolina,107752,50040
0500000US37023,Burke County, North Carolina,33682,40274
0500000US37025,Cabarrus County, North Carolina,75188,61490
0500000US37027,Caldwell County, North Carolina,32245,45033
0500000US37031,Carteret County, North Carolina,29944,52807
0500000US37035,Catawba County, North Carolina,61828,53539
0500000US37037,Chatham County, North Carolina,28929,57770
0500000US37045,Cleveland County, North Carolina,39609,37205
0500000US37049,Craven County, North Carolina,39866,51789
0500000US37051,Cumberland County, North Carolina,127702,43759
0500000US37057,Davidson County, North Carolina,66295,46802
0500000US37063,Durham County, North Carolina,126123,59891
0500000US37067,Forsyth County, North Carolina,144681,50185
0500000US37069,Franklin County, North Carolina,24413,54825
0500000US37071,Gaston County, North Carolina,84200,49670
0500000US37081,Guilford County, North Carolina,203199,52098
0500000US37085,Harnett County, North Carolina,46661,51479
0500000US37089,Henderson County, North Carolina,47920,51078
0500000US37097,Iredell County, North Carolina,65662,55690
0500000US37101,Johnston County, North Carolina,69048,58111
0500000US37109,Lincoln County, North Carolina,33244,54361
0500000US37119,Mecklenburg County, North Carolina,410770,65588
0500000US37125,Moore County, North Carolina,39155,64184
0500000US37127,Nash County, North Carolina,36248,47289
0500000US37129,New Hanover County, North Carolina,95097,52674
0500000US37133,Onslow County, North Carolina,62941,49883
0500000US37135,Orange County, North Carolina,53607,69940
0500000US37147,Pitt County, North Carolina,68505,45849
0500000US37151,Randolph County, North Carolina,57766,43154
0500000US37155,Robeson County, North Carolina,45351,32729
0500000US37157,Rockingham County, North Carolina,36175,48196
0500000US37159,Rowan County, North Carolina,52057,47396
0500000US37161,Rutherford County, North Carolina,26408,40570
0500000US37171,Surry County, North Carolina,29415,42438
0500000US37179,Union County, North Carolina,75366,77691
0500000US37183,Wake County, North Carolina,400418,77318
0500000US37191,Wayne County, North Carolina,47720,44347
0500000US37193,Wilkes County, North Carolina,28377,40995
0500000US37195,Wilson County, North Carolina,32015,45960
0500000US38015,Burleigh County, North Dakota,39251,69193
0500000US38017,Cass County, North Dakota,76123,64704
0500000US38035,Grand Forks County, North Dakota,30848,47496
0500000US38101,Ward County, North Dakota,27173,64742
0500000US39003,Allen County, Ohio,40872,51542
0500000US39007,Ashtabula County, Ohio,36704,44173
0500000US39009,Athens County, Ohio,22199,44247
0500000US39013,Belmont County, Ohio,23520,54253
0500000US39017,Butler County, Ohio,139058,64023
0500000US39023,Clark County, Ohio,54026,46665
0500000US39025,Clermont County, Ohio,78198,65632
0500000US39029,Columbiana County, Ohio,39140,41818
0500000US39035,Cuyahoga County, Ohio,544208,46784
0500000US39041,Delaware County, Ohio,70224,106933
0500000US39043,Erie County, Ohio,31893,54958
0500000US39045,Fairfield County, Ohio,55674,67310
0500000US39049,Franklin County, Ohio,508811,59227
0500000US39055,Geauga County, Ohio,35216,82741
0500000US39057,Greene County, Ohio,64517,67923
0500000US39061,Hamilton County, Ohio,342793,55048
0500000US39063,Hancock County, Ohio,31844,51360
0500000US39081,Jefferson County, Ohio,26996,43675
0500000US39085,Lake County, Ohio,94118,59618
0500000US39089,Licking County, Ohio,63391,62883
0500000US39093,Lorain County, Ohio,120394,54932
0500000US39095,Lucas County, Ohio,178672,47308
0500000US39099,Mahoning County, Ohio,98084,43389
0500000US39101,Marion County, Ohio,24971,44766
0500000US39103,Medina County, Ohio,68650,71360
0500000US39109,Miami County, Ohio,39819,60910
0500000US39113,Montgomery County, Ohio,225106,47755
0500000US39119,Muskingum County, Ohio,33074,43113
0500000US39133,Portage County, Ohio,62293,59402
0500000US39139,Richland County, Ohio,48998,46032
0500000US39141,Ross County, Ohio,27914,50713
0500000US39145,Scioto County, Ohio,30424,43367
0500000US39151,Stark County, Ohio,154097,50984
0500000US39153,Summit County, Ohio,226989,55419
0500000US39155,Trumbull County, Ohio,86886,46201
0500000US39157,Tuscarawas County, Ohio,37446,51386
0500000US39165,Warren County, Ohio,83158,84130
0500000US39169,Wayne County, Ohio,42890,55899
0500000US39173,Wood County, Ohio,49805,60382
0500000US40017,Canadian County, Oklahoma,44814,74720
0500000US40027,Cleveland County, Oklahoma,106080,61213
0500000US40031,Comanche County, Oklahoma,43901,51059
0500000US40037,Creek County, Oklahoma,26390,46877
0500000US40101,Muskogee County, Oklahoma,26122,36342
0500000US40109,Oklahoma County, Oklahoma,297945,51323
0500000US40119,Payne County, Oklahoma,30009,36914
0500000US40125,Pottawatomie County, Oklahoma,25877,48744
0500000US40131,Rogers County, Oklahoma,34495,60735
0500000US40143,Tulsa County, Oklahoma,251055,52441
0500000US40145,Wagoner County, Oklahoma,28307,57823
0500000US41003,Benton County, Oregon,35445,60260
0500000US41005,Clackamas County, Oregon,157257,79878
0500000US41017,Deschutes County, Oregon,74498,66273
0500000US41019,Douglas County, Oregon,45379,47746
0500000US41029,Jackson County, Oregon,89701,51409
0500000US41033,Josephine County, Oregon,36493,44426
0500000US41035,Klamath County, Oregon,27616,38916
0500000US41039,Lane County, Oregon,151675,50654
0500000US41043,Linn County, Oregon,47188,51541
0500000US41047,Marion County, Oregon,115718,56354
0500000US41051,Multnomah County, Oregon,325039,63974
0500000US41053,Polk County, Oregon,29260,55428
0500000US41059,Umatilla County, Oregon,27525,52288
0500000US41067,Washington County, Oregon,217894,80946
0500000US41071,Yamhill County, Oregon,37629,64104
0500000US42001,Adams County, Pennsylvania,39527,63107
0500000US42003,Allegheny County, Pennsylvania,537381,58625
0500000US42005,Armstrong County, Pennsylvania,26712,45949
0500000US42007,Beaver County, Pennsylvania,71005,54923
0500000US42011,Berks County, Pennsylvania,155154,61058
0500000US42013,Blair County, Pennsylvania,51885,45957
0500000US42017,Bucks County, Pennsylvania,239671,84749
0500000US42019,Butler County, Pennsylvania,75513,68934
0500000US42021,Cambria County, Pennsylvania,56023,46598
0500000US42025,Carbon County, Pennsylvania,26213,49647
0500000US42027,Centre County, Pennsylvania,58629,55895
0500000US42029,Chester County, Pennsylvania,189506,96656
0500000US42033,Clearfield County, Pennsylvania,29098,48581
0500000US42037,Columbia County, Pennsylvania,26584,51726
0500000US42039,Crawford County, Pennsylvania,36050,50657
0500000US42041,Cumberland County, Pennsylvania,98242,69301
0500000US42043,Dauphin County, Pennsylvania,110764,61622
0500000US42045,Delaware County, Pennsylvania,205461,73854
0500000US42049,Erie County, Pennsylvania,108458,50614
0500000US42051,Fayette County, Pennsylvania,53256,44184
0500000US42055,Franklin County, Pennsylvania,60979,60459
0500000US42063,Indiana County, Pennsylvania,33664,46237
0500000US42069,Lackawanna County, Pennsylvania,86213,49172
0500000US42071,Lancaster County, Pennsylvania,201150,63407
0500000US42073,Lawrence County, Pennsylvania,37341,49967
0500000US42075,Lebanon County, Pennsylvania,52786,57372
0500000US42077,Lehigh County, Pennsylvania,139466,60871
0500000US42079,Luzerne County, Pennsylvania,126811,51332
0500000US42081,Lycoming County, Pennsylvania,46122,50909
0500000US42085,Mercer County, Pennsylvania,46453,46785
0500000US42089,Monroe County, Pennsylvania,57668,61612
0500000US42091,Montgomery County, Pennsylvania,314756,87304
0500000US42095,Northampton County, Pennsylvania,113945,66066
0500000US42097,Northumberland County, Pennsylvania,37684,44895
0500000US42101,Philadelphia County, Pennsylvania,606142,39759
0500000US42107,Schuylkill County, Pennsylvania,57492,49559
0500000US42111,Somerset County, Pennsylvania,29405,48846
0500000US42125,Washington County, Pennsylvania,81924,60551
0500000US42129,Westmoreland County, Pennsylvania,151007,60713
0500000US42133,York County, Pennsylvania,171781,63519
0500000US44003,Kent County, Rhode Island,69536,75143
0500000US44005,Newport County, Rhode Island,34568,80222
0500000US44007,Providence County, Rhode Island,237197,56672
0500000US44009,Washington County, Rhode Island,47853,79374
0500000US45003,Aiken County, South Carolina,67790,50749
0500000US45007,Anderson County, South Carolina,76727,48593
0500000US45013,Beaufort County, South Carolina,68366,58847
0500000US45015,Berkeley County, South Carolina,75948,57147
0500000US45019,Charleston County, South Carolina,158635,60555
0500000US45031,Darlington County, South Carolina,27783,37465
0500000US45035,Dorchester County, South Carolina,56003,64148
0500000US45041,Florence County, South Carolina,51675,42929
0500000US45045,Greenville County, South Carolina,193456,55914
0500000US45047,Greenwood County, South Carolina,26730,40453
0500000US45051,Horry County, South Carolina,128499,45680
0500000US45055,Kershaw County, South Carolina,25712,50010
0500000US45057,Lancaster County, South Carolina,34262,61914
0500000US45059,Laurens County, South Carolina,25160,40377
0500000US45063,Lexington County, South Carolina,110228,60181
0500000US45073,Oconee County, South Carolina,32189,50192
0500000US45075,Orangeburg County, South Carolina,31870,35947
0500000US45077,Pickens County, South Carolina,47824,47520
0500000US45079,Richland County, South Carolina,151999,51946
0500000US45083,Spartanburg County, South Carolina,115765,50985
0500000US45085,Sumter County, South Carolina,41878,45585
0500000US45091,York County, South Carolina,100791,62217
0500000US46099,Minnehaha County, South Dakota,77045,61083
0500000US46103,Pennington County, South Dakota,43536,54836
0500000US47001,Anderson County, Tennessee,29929,48109
0500000US47009,Blount County, Tennessee,50793,50675
0500000US47011,Bradley County, Tennessee,40610,48857
0500000US47037,Davidson County, Tennessee,283929,58490
0500000US47059,Greene County, Tennessee,27249,37920
0500000US47065,Hamilton County, Tennessee,145071,51302
0500000US47093,Knox County, Tennessee,187098,55266
0500000US47113,Madison County, Tennessee,36343,45013
0500000US47119,Maury County, Tennessee,33900,57258
0500000US47125,Montgomery County, Tennessee,73690,58381
0500000US47141,Putnam County, Tennessee,30679,39647
0500000US47147,Robertson County, Tennessee,25884,60474
0500000US47149,Rutherford County, Tennessee,112519,68514
0500000US47155,Sevier County, Tennessee,36444,49963
0500000US47157,Shelby County, Tennessee,347221,49647
0500000US47163,Sullivan County, Tennessee,67685,44909
0500000US47165,Sumner County, Tennessee,66063,65014
0500000US47179,Washington County, Tennessee,53071,40697
0500000US47187,Williamson County, Tennessee,77512,105622
0500000US47189,Wilson County, Tennessee,50234,69959
0500000US48005,Angelina County, Texas,31544,45326
0500000US48021,Bastrop County, Texas,24249,72107
0500000US48027,Bell County, Texas,122333,52479
0500000US48029,Bexar County, Texas,633422,54175
0500000US48037,Bowie County, Texas,33164,50573
0500000US48039,Brazoria County, Texas,119770,82229
0500000US48041,Brazos County, Texas,79725,45155
0500000US48061,Cameron County, Texas,123024,36975
0500000US48085,Collin County, Texas,338769,94933
0500000US48091,Comal County, Texas,51662,71060
0500000US48099,Coryell County, Texas,20335,52769
0500000US48113,Dallas County, Texas,929078,56718
0500000US48121,Denton County, Texas,293610,86291
0500000US48135,Ector County, Texas,51388,55380
0500000US48139,Ellis County, Texas,57052,72138
0500000US48141,El Paso County, Texas,269523,44489
0500000US48157,Fort Bend County, Texas,235783,90845
0500000US48167,Galveston County, Texas,121423,70494
0500000US48181,Grayson County, Texas,49176,56718
0500000US48183,Gregg County, Texas,44138,47095
0500000US48187,Guadalupe County, Texas,55421,66486
0500000US48201,Harris County, Texas,1586849,58645
0500000US48203,Harrison County, Texas,22618,53394
0500000US48209,Hays County, Texas,74995,65667
0500000US48213,Henderson County, Texas,32412,44971
0500000US48215,Hidalgo County, Texas,239825,37106
0500000US48231,Hunt County, Texas,32943,55786
0500000US48245,Jefferson County, Texas,93735,47657
0500000US48251,Johnson County, Texas,58859,62482
0500000US48257,Kaufman County, Texas,37569,65841
0500000US48291,Liberty County, Texas,25482,45614
0500000US48303,Lubbock County, Texas,112290,47317
0500000US48309,McLennan County, Texas,91086,47267
0500000US48329,Midland County, Texas,56745,75590
0500000US48339,Montgomery County, Texas,195637,76811
0500000US48347,Nacogdoches County, Texas,22634,47589
0500000US48355,Nueces County, Texas,128490,52482
0500000US48361,Orange County, Texas,29848,58863
0500000US48367,Parker County, Texas,44244,75823
0500000US48375,Potter County, Texas,45130,45312
0500000US48381,Randall County, Texas,48941,62098
0500000US48397,Rockwall County, Texas,31880,94848
0500000US48409,San Patricio County, Texas,23075,51012
0500000US48423,Smith County, Texas,77292,54339
0500000US48439,Tarrant County, Texas,703106,65052
0500000US48441,Taylor County, Texas,50470,51894
0500000US48451,Tom Green County, Texas,42061,51114
0500000US48453,Travis County, Texas,462632,72884
0500000US48469,Victoria County, Texas,32778,51892
0500000US48471,Walker County, Texas,22040,40936
0500000US48479,Webb County, Texas,74045,43408
0500000US48485,Wichita County, Texas,48382,43295
0500000US48491,Williamson County, Texas,180142,81719
0500000US48497,Wise County, Texas,21651,58839
0500000US49005,Cache County, Utah,38453,52828
0500000US49011,Davis County, Utah,104788,80301
0500000US49035,Salt Lake County, Utah,376314,71471
0500000US49045,Tooele County, Utah,20555,72386
0500000US49049,Utah County, Utah,164698,70417
0500000US49053,Washington County, Utah,56139,54842
0500000US49057,Weber County, Utah,83503,62917
0500000US50007,Chittenden County, Vermont,65703,64444
0500000US51003,Albemarle County, Virginia,41191,77181
0500000US51013,Arlington County, Virginia,104750,117237
0500000US51015,Augusta County, Virginia,30053,57017
0500000US51019,Bedford County, Virginia,31088,66327
0500000US51041,Chesterfield County, Virginia,124142,80800
0500000US51059,Fairfax County, Virginia,396662,118279
0500000US51061,Fauquier County, Virginia,23272,98585
0500000US51069,Frederick County, Virginia,32251,72405
0500000US51085,Hanover County, Virginia,37969,90066
0500000US51087,Henrico County, Virginia,127899,67185
0500000US51095,James City County, Virginia,28085,87910
0500000US51107,Loudoun County, Virginia,129769,135842
0500000US51121,Montgomery County, Virginia,34336,56462
0500000US51153,Prince William County, Virginia,141425,100845
0500000US51161,Roanoke County, Virginia,38687,64287
0500000US51165,Rockingham County, Virginia,30892,59493
0500000US51177,Spotsylvania County, Virginia,42960,86491
0500000US51179,Stafford County, Virginia,47474,112795
0500000US51199,York County, Virginia,25294,83993
0500000US51510,Alexandria city, Virginia,69667,100530
0500000US51550,Chesapeake city, Virginia,83402,76629
0500000US51650,Hampton city, Virginia,53267,54062
0500000US51680,Lynchburg city, Virginia,27814,45239
0500000US51700,Newport News city, Virginia,69249,49716
0500000US51710,Norfolk city, Virginia,87857,49445
0500000US51740,Portsmouth city, Virginia,36246,50242
0500000US51760,Richmond city, Virginia,87401,46261
0500000US51770,Roanoke city, Virginia,42133,43799
0500000US51800,Suffolk city, Virginia,33077,70277
0500000US51810,Virginia Beach city, Virginia,168818,72586
0500000US53005,Benton County, Washington,72265,63346
0500000US53007,Chelan County, Washington,27060,61615
0500000US53009,Clallam County, Washington,33233,47907
0500000US53011,Clark County, Washington,173579,74747
0500000US53015,Cowlitz County, Washington,41611,49456
0500000US53021,Franklin County, Washington,26477,64344
0500000US53025,Grant County, Washington,31123,58644
0500000US53027,Grays Harbor County, Washington,29286,47445
0500000US53029,Island County, Washington,34537,59644
0500000US53033,King County, Washington,876639,89675
0500000US53035,Kitsap County, Washington,104902,73026
0500000US53041,Lewis County, Washington,31786,49827
0500000US53053,Pierce County, Washington,321268,69278
0500000US53057,Skagit County, Washington,49262,66066
0500000US53061,Snohomish County, Washington,292430,82595
0500000US53063,Spokane County, Washington,200949,53360
0500000US53067,Thurston County, Washington,112075,71765
0500000US53073,Whatcom County, Washington,88636,61186
0500000US53077,Yakima County, Washington,82107,47402
0500000US54003,Berkeley County, West Virginia,42296,59142
0500000US54011,Cabell County, West Virginia,41080,33750
0500000US54033,Harrison County, West Virginia,27493,58082
0500000US54039,Kanawha County, West Virginia,75836,42197
0500000US54061,Monongalia County, West Virginia,39386,50888
0500000US54081,Raleigh County, West Virginia,31593,42121
0500000US54107,Wood County, West Virginia,34462,44115
0500000US55009,Brown County, Wisconsin,104868,60793
0500000US55025,Dane County, Wisconsin,223031,72268
0500000US55027,Dodge County, Wisconsin,34228,56421
0500000US55035,Eau Claire County, Wisconsin,41767,54963
0500000US55039,Fond du Lac County, Wisconsin,42449,61417
0500000US55055,Jefferson County, Wisconsin,33534,56675
0500000US55059,Kenosha County, Wisconsin,63546,61073
0500000US55063,La Crosse County, Wisconsin,47704,57033
0500000US55071,Manitowoc County, Wisconsin,34446,54785
0500000US55073,Marathon County, Wisconsin,55084,58173
0500000US55079,Milwaukee County, Wisconsin,376445,47591
0500000US55087,Outagamie County, Wisconsin,74033,65564
0500000US55089,Ozaukee County, Wisconsin,35552,82869
0500000US55097,Portage County, Wisconsin,28679,52247
0500000US55101,Racine County, Wisconsin,77473,60897
0500000US55105,Rock County, Wisconsin,64878,55304
0500000US55109,St. Croix County, Wisconsin,34380,80512
0500000US55117,Sheboygan County, Wisconsin,48347,58361
0500000US55127,Walworth County, Wisconsin,41071,60178
0500000US55131,Washington County, Wisconsin,53985,75453
0500000US55133,Waukesha County, Wisconsin,159513,82248
0500000US55139,Winnebago County, Wisconsin,70008,56678
0500000US55141,Wood County, Wisconsin,32478,52110
0500000US56021,Laramie County, Wyoming,39054,61961
0500000US56025,Natrona County, Wyoming,32556,60546
0500000US72013,Arecibo Municipio, Puerto Rico,33702,17740
0500000US72021,Bayamón Municipio, Puerto Rico,63750,25815
0500000US72025,Caguas Municipio, Puerto Rico,46753,22377
0500000US72031,Carolina Municipio, Puerto Rico,64051,30822
0500000US72061,Guaynabo Municipio, Puerto Rico,26856,24792
0500000US72097,Mayagüez Municipio, Puerto Rico,29574,14010
0500000US72113,Ponce Municipio, Puerto Rico,50225,16270
0500000US72127,San Juan Municipio, Puerto Rico,140153,21912
0500000US72135,Toa Alta Municipio, Puerto Rico,21640,24223
0500000US72137,Toa Baja Municipio, Puerto Rico,27841,25487
0500000US72139,Trujillo Alto Municipio, Puerto Rico,23564,31322
